<?xml version="1.0"?>
<?xsl-stylesheet type="text/xsl" href="emp.xsl"?>
<employeeinfo>
<emp>
<name>John</name>
<eid>1234</eid>
<salary>5000</salary>
<role>Clerk</role>
<exp>3 years</exp>
</emp>
<emp>
<name>Clark</name>
<eid>4567</eid>
<salary>16000</salary>
<role>Manager</role>
<exp>4 years</exp>
</emp>
<emp>
<name>Smith</name>
<eid>6123</eid>
<salary>20000</salary>
<role>Analyst</role>
<exp>2 years</exp>
</emp>
<emp>
<name>Peter</name>
<eid>3445</eid>
<salary>9120</salary>
<role>Tester</role>
<exp>7 years</exp>
</emp>
<emp>
<name>Henry</name>
<eid>4129</eid>
<salary>8000</salary>
<role>Coder</role>
<exp>5 years</exp>
</emp>
<emp>
<name>James</name>
<eid>50123</eid>
<salary>6800</salary>
<role>Operator</role>
<exp>4 years</exp>
</emp>
<emp>
<name>Kite</name>
<eid>3890</eid>
<salary>9000</salary>
<role>Tech.support</role>
<exp>10 years</exp>
</emp>
</employeeinfo>
